1580899874371,SmartMirror-Decision-Maker,smartmirror-TTS-en,"""Welcome to the smart mirror!"""
1580899874371,Core System,ALL_MODULES_STARTED,
1580899874383,Core System,DOM_OBJECTS_CREATED,
1580899874524,currentweather,CURRENTWEATHER_DATA,"{""data"":{""coord"":{""lon"":8.53,""lat"":52.03},""weather"":[{""id"":802,""main"":""Clouds"",""description"":""scattered clouds"",""icon"":""03d""}],""base"":""stations"",""main"":{""temp"":3.45,""feels_like"":-0.87,""temp_min"":2.22,""temp_max"":5,""pressure"":1035,""humidity"":58},""visibility"":10000,""wind"":{""speed"":2.6,""deg"":260},""clouds"":{""all"":40},""dt"":1580899804,""sys"":{""type"":1,""id"":1304,""country"":""DE"",""sunrise"":1580886035,""sunset"":1580919545},""timezone"":3600,""id"":2949186,""name"":""Bielefeld"",""cod"":200}}"
1580899874941,SmartMirror-Decision-Maker,USER_MODULE_VISIBILITY_CONFIG,"{""ID"":-1,""name"":""nobody"",""language"":""en"",""user_ID"":-1,""clock"":1,""weather"":1,""transportation"":0,""mensa"":0,""calendar"":0,""menu"":0,""newsfeed"":1,""crypto"":0,""stock"":0,""centerdisplay"":0,""speech"":0,""bivital"":0,""soccer"":0,""notification_logger"":0,""legato-logo"":1,""coffeebot"":0,""print_cewe"":1,""Decision_maker"":1,""traffic"":0,""menu-center"":0,""news"":1}"
1580899874953,SmartMirror-Main-Menu-Center,MENU_ITEMS,"[""camera"",""augmentations"",""applications"",""smarthome"",""preferences""]"
1580899874953,SmartMirror-Decision-Maker,MAIN_MENU,"""menu"""
1580899874954,SmartMirror-Decision-Maker,CENTER_DISPLAY,"""HIDEALL"""
1580899874956,SmartMirror-Decision-Maker,smartmirror-object-detectionSetFPS,3
1580899874956,SmartMirror-Decision-Maker,smartmirror-gesture-recognitionSetFPS,0
1580899874956,SmartMirror-Decision-Maker,smartmirror-facerecognitionSetFPS,0
1580899874957,SmartMirror-Decision-Maker,smartmirror-ai-art-mirror_SetFPS,0
1580899874967,SmartMirror-Decision-Maker,smartmirror-object-detectionSetFPS,3
1580899874967,SmartMirror-Decision-Maker,smartmirror-gesture-recognitionSetFPS,0
1580899874967,SmartMirror-Decision-Maker,smartmirror-facerecognitionSetFPS,0
1580899874967,SmartMirror-Decision-Maker,smartmirror-ai-art-mirror_SetFPS,0
1580899875205,SmartMirror-Decision-Maker,MODULE_VISIBILITY_STATUS,"{""moduleName"":""SmartMirror-Camera-Publisher"",""visibility"":false}"
1580899875206,SmartMirror-Decision-Maker,MODULE_VISIBILITY_STATUS,"{""moduleName"":""MMM-SimpleLogo"",""visibility"":false}"
1580899875206,SmartMirror-Decision-Maker,MODULE_VISIBILITY_STATUS,"{""moduleName"":""clock"",""visibility"":false}"
1580899875206,SmartMirror-Decision-Maker,MODULE_VISIBILITY_STATUS,"{""moduleName"":""currentweather"",""visibility"":false}"
1580899875206,SmartMirror-Decision-Maker,MODULE_VISIBILITY_STATUS,"{""moduleName"":""weatherforecast"",""visibility"":false}"
1580899875206,SmartMirror-Decision-Maker,MODULE_VISIBILITY_STATUS,"{""moduleName"":""SmartMirror-Facerecognition"",""visibility"":false}"
1580899875206,SmartMirror-Decision-Maker,MODULE_VISIBILITY_STATUS,"{""moduleName"":""smartmirror-ai-art-mirror"",""visibility"":false}"
1580899875206,SmartMirror-Decision-Maker,MODULE_VISIBILITY_STATUS,"{""moduleName"":""MMM-cryptocurrency"",""visibility"":false}"
1580899875206,SmartMirror-Decision-Maker,MODULE_VISIBILITY_STATUS,"{""moduleName"":""alert"",""visibility"":false}"
1580899875207,SmartMirror-Decision-Maker,MODULE_VISIBILITY_STATUS,"{""moduleName"":""updatenotification"",""visibility"":false}"
1580899875207,SmartMirror-Decision-Maker,MODULE_VISIBILITY_STATUS,"{""moduleName"":""calendar"",""visibility"":false}"
1580899875207,SmartMirror-Decision-Maker,MODULE_VISIBILITY_STATUS,"{""moduleName"":""newsfeed"",""visibility"":false}"
1580899875207,SmartMirror-Decision-Maker,MODULE_VISIBILITY_STATUS,"{""moduleName"":""SmartMirror-Decision-Maker"",""visibility"":false}"
1580899875207,SmartMirror-Decision-Maker,MODULE_VISIBILITY_STATUS,"{""moduleName"":""SmartMirror-Main-Menu-Center"",""visibility"":false}"
1580899875207,SmartMirror-Decision-Maker,MODULE_VISIBILITY_STATUS,"{""moduleName"":""smartmirror-speechrecognition"",""visibility"":false}"
1580899875207,SmartMirror-Decision-Maker,MODULE_VISIBILITY_STATUS,"{""moduleName"":""SmartMirror-Object-Detection"",""visibility"":false}"
1580899875207,SmartMirror-Decision-Maker,MODULE_VISIBILITY_STATUS,"{""moduleName"":""SmartMirror-Gesture-Recognition"",""visibility"":false}"
1580899875208,SmartMirror-Decision-Maker,MODULE_VISIBILITY_STATUS,"{""moduleName"":""MMM-PublicTransportHafas"",""visibility"":false}"
1580899875208,SmartMirror-Decision-Maker,MODULE_VISIBILITY_STATUS,"{""moduleName"":""SmartMirror-Bivital"",""visibility"":false}"
1580899875208,SmartMirror-Decision-Maker,MODULE_VISIBILITY_STATUS,"{""moduleName"":""MMM-SoccerLiveScore"",""visibility"":false}"
1580899875216,SmartMirror-Decision-Maker,MODULE_VISIBILITY_STATUS,"{""moduleName"":""SmartMirror-Mensa-Plan"",""visibility"":false}"
1580899875217,SmartMirror-Decision-Maker,MODULE_VISIBILITY_STATUS,"{""moduleName"":""SmartMirror-Center-Display"",""visibility"":false}"
1580899875217,SmartMirror-Decision-Maker,MODULE_VISIBILITY_STATUS,"{""moduleName"":""SmartMirror-MaryTTS"",""visibility"":false}"
1580899875217,SmartMirror-Decision-Maker,MODULE_VISIBILITY_STATUS,"{""moduleName"":""smartmirror-notification-logger"",""visibility"":false}"
1580899875217,SmartMirror-Decision-Maker,MODULE_VISIBILITY_STATUS,"{""moduleName"":""SmartMirror-Person-Recognition"",""visibility"":false}"
1580899875217,SmartMirror-Decision-Maker,MODULE_VISIBILITY_STATUS,"{""moduleName"":""MMM-TomTomTraffic"",""visibility"":true}"
1580899875218,SmartMirror-Decision-Maker,MODULE_VISIBILITY_STATUS,"{""moduleName"":""MMM-News"",""visibility"":false}"
1580899875218,SmartMirror-Decision-Maker,MODULE_VISIBILITY_STATUS,"{""moduleName"":""SmartMirror-Usage-Suggestions"",""visibility"":false}"
1580899875513,SmartMirror-Decision-Maker,MODULE_VISIBILITY_STATUS,"{""moduleName"":""clock"",""visibility"":true}"
1580899875514,SmartMirror-Decision-Maker,MODULE_VISIBILITY_STATUS,"{""moduleName"":""weatherforecast"",""visibility"":true}"
1580899875514,SmartMirror-Decision-Maker,MODULE_VISIBILITY_STATUS,"{""moduleName"":""currentweather"",""visibility"":true}"
1580899875514,SmartMirror-Decision-Maker,MODULE_VISIBILITY_STATUS,"{""moduleName"":""newsfeed"",""visibility"":true}"
1580899875514,SmartMirror-Decision-Maker,MODULE_VISIBILITY_STATUS,"{""moduleName"":""MMM-SimpleLogo"",""visibility"":true}"
1580899875515,SmartMirror-Decision-Maker,MODULE_VISIBILITY_STATUS,"{""moduleName"":""MMM-TomTomTraffic"",""visibility"":false}"
1580899875515,SmartMirror-Decision-Maker,MODULE_VISIBILITY_STATUS,"{""moduleName"":""MMM-News"",""visibility"":true}"
1580899875515,SmartMirror-Decision-Maker,MODULE_VISIBILITY_STATUS,"{""moduleName"":""SmartMirror-Decision-Maker"",""visibility"":true}"
1580899875515,SmartMirror-Decision-Maker,MODULE_VISIBILITY_STATUS,"{""moduleName"":""smartmirror-facerecognition"",""visibility"":false}"
1580899875515,SmartMirror-Decision-Maker,MODULE_VISIBILITY_STATUS,"{""moduleName"":""SmartMirror-Object-Detection"",""visibility"":false}"
1580899875516,SmartMirror-Decision-Maker,MODULE_VISIBILITY_STATUS,"{""moduleName"":""SmartMirror-Gesture-Recognition"",""visibility"":false}"
1580899875516,SmartMirror-Decision-Maker,MODULE_VISIBILITY_STATUS,"{""moduleName"":""smartmirror-camera-image"",""visibility"":false}"
1580899875516,SmartMirror-Decision-Maker,MODULE_VISIBILITY_STATUS,"{""moduleName"":""SmartMirror-Short-Distance"",""visibility"":false}"
1580899875516,SmartMirror-Decision-Maker,MODULE_VISIBILITY_STATUS,"{""moduleName"":""SmartMirror-Person-Recognition"",""visibility"":false}"
1580899875516,SmartMirror-Decision-Maker,MODULE_VISIBILITY_STATUS,"{""moduleName"":""smartmirror-ai-art-mirror"",""visibility"":false}"
1580899875608,MMM-PublicTransportHafas,TRANSPORT_HAFAS,"{""direction"":""Dürkopp Tor 6, Bielefeld"",""when"":""2020-02-05T12:07:00.000+01:00""}"
1580899875614,MMM-News,NEWS_ARTICLE,"{""articleName"":""Michael Wendler: Ex Claudia Norberg muss zwei Millionen zahlen, weil ... - Derwesten.de"",""articleCategory"":""entertainment"",""source"":""Derwesten.de""}"
1580899875862,SmartMirror-Mensa-Plan,MENSA_PLAN,"[""2020-02-05"",[{""name"":""Tagesmenü"",""value"":""Hähnchenschnitzel mit Broccolifüllung, dazu Paprikasoße""},{""name"":""Vegetarisch"",""value"":""Spinat-Knuspermedaillon mit Basilikumsoße""},{""name"":""Eintopf"",""value"":""Bäuerinsuppe""},{""name"":""Eintopf / Suppe"",""value"":""Broccolicremesuppe, vegan""},{""name"":""Mensa vital"",""value"":""Mediterrane Nudelpfanne mit Gemüse, Mozzarella und Sahnekräutersoße""},{""name"":""Aktions-Theke"",""value"":""Sauerbraten mit Kartoffelklößen und Apfel-Rotkohl""},{""name"":""Aktions-Theke"",""value"":""Ofenkartoffel mit Broccoli, Möhren und grünem Spargel""},{""name"":""Aktions-Theke"",""value"":""Ofenkartoffel mit Hähnchen-Dönerfleisch und Käsecreme""},{""name"":""Dessertbuffet"",""value"":""Täglich wechselnde Dessertvariationen., Hausgemachte Milchshakes""},{""name"":""Sides"",""value"":""Kartoffelpüree, Bulgur, Mandelbroccoli, Kaisergemüse, Beilagensalate, Heidelbeer-Müsli-Quark, Vanillejoghurt, Himbeer-Dickmilch, Eis""}]]"
1580899876795,calendar,CALENDAR_EVENTS,"[{""title"":""externer Workshop"",""startDate"":""1601848800000"",""endDate"":""1602108000000"",""fullDayEvent"":true,""class"":""PUBLIC"",""location"":false,""geo"":false,""description"":false,""symbol"":""calendar-check-o "",""color"":""#fff""}]"
1580899876899,weatherforecast,WEATHER_FORECAST,"[{""day"":""Wed"",""icon"":""wi-day-sunny"",""maxTemp"":""5.5"",""minTemp"":""1.1""},{""day"":""Thu"",""icon"":""wi-day-sunny"",""maxTemp"":""5.8"",""minTemp"":""-0.0""},{""day"":""Fri"",""icon"":""wi-day-sunny"",""maxTemp"":""7.1"",""minTemp"":""1.7""},{""day"":""Sat"",""icon"":""wi-rain"",""maxTemp"":""7.4"",""minTemp"":""1.9"",""rain"":0.5},{""day"":""Sun"",""icon"":""wi-rain"",""maxTemp"":""12.5"",""minTemp"":""3.7"",""rain"":3.19},{""day"":""Mon"",""icon"":""wi-snow"",""maxTemp"":""7.2"",""minTemp"":""3.1"",""rain"":8.13},{""day"":""Tue"",""icon"":""wi-snow"",""maxTemp"":""3.9"",""minTemp"":""2.4""}]"
1580899877416,SmartMirror-Center-Display,CENTER_DISPLAY_FPS,79.59
1580899877627,SmartMirror-Center-Display,CENTER_DISPLAY_FPS,146.59
1580899878483,SmartMirror-Center-Display,CENTER_DISPLAY_FPS,36.18
1580899879446,SmartMirror-Object-Detection,DETECTED_OBJECTS,"{""DETECTED_OBJECTS"":[{""TrackID"":1,""name"":""person"",""w_h"":[0.65144,0.34856],""center"":[0.40417,0.82222]},{""TrackID"":2,""name"":""tvmonitor"",""w_h"":[0.03606,0.08894],""center"":[0.98125,0.60741]},{""TrackID"":4,""name"":""chair"",""w_h"":[0.28606,0.13942],""center"":[0.56667,0.67037]},{""TrackID"":3,""name"":""chair"",""w_h"":[0.2524,0.1851],""center"":[0.75417,0.72222]},{""TrackID"":5,""name"":""book"",""w_h"":[0.02885,0.04327],""center"":[0.06667,0.51481]}]}"
1580899879449,SmartMirror-Decision-Maker,smartmirror-object-detectionSetFPS,3
1580899879449,SmartMirror-Decision-Maker,smartmirror-gesture-recognitionSetFPS,0
1580899879449,SmartMirror-Decision-Maker,smartmirror-facerecognitionSetFPS,3
1580899879449,SmartMirror-Decision-Maker,smartmirror-ai-art-mirror_SetFPS,0
1580899879449,SmartMirror-Person-Recognition,RECOGNIZED_PERSONS,"{""RECOGNIZED_PERSONS"":{""1"":{""TrackID"":1,""name"":""person"",""w_h"":[0.65144,0.34856],""center"":[0.40417,0.82222]}}}"
1580899879516,SmartMirror-Center-Display,CENTER_DISPLAY_FPS,30
1580899879833,SmartMirror-Object-Detection,DETECTED_OBJECTS,"{""DETECTED_OBJECTS"":[{""TrackID"":1,""name"":""person"",""w_h"":[0.65385,0.34856],""center"":[0.4,0.82222]},{""TrackID"":2,""name"":""tvmonitor"",""w_h"":[0.04327,0.10096],""center"":[0.97708,0.6037]},{""TrackID"":4,""name"":""chair"",""w_h"":[0.28846,0.14183],""center"":[0.56667,0.67037]},{""TrackID"":3,""name"":""chair"",""w_h"":[0.25481,0.18269],""center"":[0.75208,0.71852]},{""TrackID"":5,""name"":""book"",""w_h"":[0.02885,0.04327],""center"":[0.06667,0.51481]}]}"
1580899879837,SmartMirror-Person-Recognition,RECOGNIZED_PERSONS,"{""RECOGNIZED_PERSONS"":{""1"":{""TrackID"":1,""name"":""person"",""w_h"":[0.65385,0.34856],""center"":[0.4,0.82222]}}}"
1580899880100,smartmirror-ai-art-mirror,AI_ART_FPS,0
1580899880367,SmartMirror-Object-Detection,DETECTED_OBJECTS,"{""DETECTED_OBJECTS"":[{""TrackID"":1,""name"":""person"",""w_h"":[0.64904,0.34375],""center"":[0.4,0.82222]},{""TrackID"":2,""name"":""tvmonitor"",""w_h"":[0.04808,0.10096],""center"":[0.97708,0.6037]},{""TrackID"":4,""name"":""chair"",""w_h"":[0.28846,0.14183],""center"":[0.56875,0.67037]},{""TrackID"":3,""name"":""chair"",""w_h"":[0.25481,0.1851],""center"":[0.75208,0.71852]},{""TrackID"":5,""name"":""book"",""w_h"":[0.02885,0.04327],""center"":[0.06667,0.51481]}]}"
1580899880369,SmartMirror-Person-Recognition,RECOGNIZED_PERSONS,"{""RECOGNIZED_PERSONS"":{""1"":{""TrackID"":1,""name"":""person"",""w_h"":[0.64904,0.34375],""center"":[0.4,0.82222]}}}"
1580899880526,SmartMirror-Gesture-Recognition,GESTURE_DET_FPS,0
1580899880550,SmartMirror-Center-Display,CENTER_DISPLAY_FPS,30
1580899880657,SmartMirror-Object-Detection,OBJECT_DET_FPS,3
1580899880690,SmartMirror-Object-Detection,DETECTED_OBJECTS,"{""DETECTED_OBJECTS"":[{""TrackID"":1,""name"":""person"",""w_h"":[0.64663,0.34135],""center"":[0.40417,0.82222]},{""TrackID"":2,""name"":""tvmonitor"",""w_h"":[0.04808,0.10096],""center"":[0.97708,0.6037]},{""TrackID"":4,""name"":""chair"",""w_h"":[0.29327,0.13942],""center"":[0.56875,0.67037]},{""TrackID"":3,""name"":""chair"",""w_h"":[0.25481,0.18269],""center"":[0.75208,0.71852]},{""TrackID"":5,""name"":""book"",""w_h"":[0.02885,0.04327],""center"":[0.06667,0.51481]}]}"
1580899880693,SmartMirror-Person-Recognition,RECOGNIZED_PERSONS,"{""RECOGNIZED_PERSONS"":{""1"":{""TrackID"":1,""name"":""person"",""w_h"":[0.64663,0.34135],""center"":[0.40417,0.82222]}}}"
1580899881037,SmartMirror-Object-Detection,DETECTED_OBJECTS,"{""DETECTED_OBJECTS"":[{""TrackID"":1,""name"":""person"",""w_h"":[0.64904,0.34375],""center"":[0.40208,0.82222]},{""TrackID"":2,""name"":""tvmonitor"",""w_h"":[0.04808,0.10096],""center"":[0.97708,0.6037]},{""TrackID"":4,""name"":""chair"",""w_h"":[0.29087,0.13942],""center"":[0.56667,0.67037]},{""TrackID"":3,""name"":""chair"",""w_h"":[0.25481,0.18269],""center"":[0.75417,0.71852]},{""TrackID"":5,""name"":""book"",""w_h"":[0.02885,0.04327],""center"":[0.06667,0.51481]}]}"
1580899881040,SmartMirror-Person-Recognition,RECOGNIZED_PERSONS,"{""RECOGNIZED_PERSONS"":{""1"":{""TrackID"":1,""name"":""person"",""w_h"":[0.64904,0.34375],""center"":[0.40208,0.82222]}}}"
1580899881368,SmartMirror-Object-Detection,DETECTED_OBJECTS,"{""DETECTED_OBJECTS"":[{""TrackID"":1,""name"":""person"",""w_h"":[0.64663,0.34135],""center"":[0.40417,0.82222]},{""TrackID"":2,""name"":""tvmonitor"",""w_h"":[0.04808,0.10096],""center"":[0.97708,0.6037]},{""TrackID"":4,""name"":""chair"",""w_h"":[0.29087,0.13942],""center"":[0.56667,0.67037]},{""TrackID"":3,""name"":""chair"",""w_h"":[0.2524,0.18269],""center"":[0.75208,0.71852]},{""TrackID"":5,""name"":""book"",""w_h"":[0.02885,0.04327],""center"":[0.06667,0.51481]}]}"
1580899881371,SmartMirror-Person-Recognition,RECOGNIZED_PERSONS,"{""RECOGNIZED_PERSONS"":{""1"":{""TrackID"":1,""name"":""person"",""w_h"":[0.64663,0.34135],""center"":[0.40417,0.82222]}}}"
1580899881527,SmartMirror-Gesture-Recognition,GESTURE_DET_FPS,0
1580899881583,SmartMirror-Center-Display,CENTER_DISPLAY_FPS,30.01
1580899881991,SmartMirror-Object-Detection,OBJECT_DET_FPS,3
1580899882037,SmartMirror-Object-Detection,DETECTED_OBJECTS,"{""DETECTED_OBJECTS"":[{""TrackID"":1,""name"":""person"",""w_h"":[0.64663,0.34135],""center"":[0.40417,0.81852]},{""TrackID"":2,""name"":""tvmonitor"",""w_h"":[0.04327,0.09615],""center"":[0.97917,0.60741]},{""TrackID"":4,""name"":""chair"",""w_h"":[0.29567,0.13942],""center"":[0.56667,0.67037]},{""TrackID"":3,""name"":""chair"",""w_h"":[0.25481,0.18269],""center"":[0.75417,0.71852]},{""TrackID"":5,""name"":""book"",""w_h"":[0.02885,0.04327],""center"":[0.06667,0.51481]}]}"
1580899882039,SmartMirror-Person-Recognition,RECOGNIZED_PERSONS,"{""RECOGNIZED_PERSONS"":{""1"":{""TrackID"":1,""name"":""person"",""w_h"":[0.64663,0.34135],""center"":[0.40417,0.81852]}}}"
1580899882101,smartmirror-ai-art-mirror,AI_ART_FPS,0
1580899882358,SmartMirror-Object-Detection,DETECTED_OBJECTS,"{""DETECTED_OBJECTS"":[{""TrackID"":1,""name"":""person"",""w_h"":[0.64423,0.34375],""center"":[0.40208,0.82222]},{""TrackID"":2,""name"":""tvmonitor"",""w_h"":[0.04327,0.09615],""center"":[0.97708,0.6037]},{""TrackID"":4,""name"":""chair"",""w_h"":[0.29567,0.14183],""center"":[0.56667,0.67037]},{""TrackID"":3,""name"":""chair"",""w_h"":[0.2524,0.18269],""center"":[0.75208,0.71852]},{""TrackID"":5,""name"":""book"",""w_h"":[0.02885,0.04327],""center"":[0.06667,0.51481]}]}"
1580899882361,SmartMirror-Person-Recognition,RECOGNIZED_PERSONS,"{""RECOGNIZED_PERSONS"":{""1"":{""TrackID"":1,""name"":""person"",""w_h"":[0.64423,0.34375],""center"":[0.40208,0.82222]}}}"
1580899882527,SmartMirror-Gesture-Recognition,GESTURE_DET_FPS,0
1580899882617,SmartMirror-Center-Display,CENTER_DISPLAY_FPS,30
1580899882701,SmartMirror-Object-Detection,DETECTED_OBJECTS,"{""DETECTED_OBJECTS"":[{""TrackID"":1,""name"":""person"",""w_h"":[0.64423,0.34135],""center"":[0.40208,0.82222]},{""TrackID"":2,""name"":""tvmonitor"",""w_h"":[0.04327,0.09856],""center"":[0.97708,0.6037]},{""TrackID"":4,""name"":""chair"",""w_h"":[0.29808,0.14183],""center"":[0.56875,0.67037]},{""TrackID"":3,""name"":""chair"",""w_h"":[0.25481,0.18269],""center"":[0.75208,0.71852]},{""TrackID"":5,""name"":""book"",""w_h"":[0.02885,0.04327],""center"":[0.06667,0.51481]}]}"
1580899882703,SmartMirror-Person-Recognition,RECOGNIZED_PERSONS,"{""RECOGNIZED_PERSONS"":{""1"":{""TrackID"":1,""name"":""person"",""w_h"":[0.64423,0.34135],""center"":[0.40208,0.82222]}}}"
1580899883028,SmartMirror-Object-Detection,DETECTED_OBJECTS,"{""DETECTED_OBJECTS"":[{""TrackID"":1,""name"":""person"",""w_h"":[0.64663,0.34135],""center"":[0.40417,0.82222]},{""TrackID"":2,""name"":""tvmonitor"",""w_h"":[0.04327,0.09856],""center"":[0.97708,0.6037]},{""TrackID"":4,""name"":""chair"",""w_h"":[0.29567,0.13942],""center"":[0.56667,0.67037]},{""TrackID"":3,""name"":""chair"",""w_h"":[0.25481,0.18269],""center"":[0.75417,0.71852]},{""TrackID"":5,""name"":""book"",""w_h"":[0.02885,0.04327],""center"":[0.06667,0.51481]}]}"
1580899883032,SmartMirror-Person-Recognition,RECOGNIZED_PERSONS,"{""RECOGNIZED_PERSONS"":{""1"":{""TrackID"":1,""name"":""person"",""w_h"":[0.64663,0.34135],""center"":[0.40417,0.82222]}}}"
1580899883337,SmartMirror-Object-Detection,OBJECT_DET_FPS,3
1580899883374,SmartMirror-Object-Detection,DETECTED_OBJECTS,"{""DETECTED_OBJECTS"":[{""TrackID"":1,""name"":""person"",""w_h"":[0.64423,0.34135],""center"":[0.40208,0.82222]},{""TrackID"":2,""name"":""tvmonitor"",""w_h"":[0.04327,0.10096],""center"":[0.97708,0.6037]},{""TrackID"":4,""name"":""chair"",""w_h"":[0.29567,0.13942],""center"":[0.56667,0.67037]},{""TrackID"":3,""name"":""chair"",""w_h"":[0.25721,0.1851],""center"":[0.75208,0.71852]},{""TrackID"":5,""name"":""book"",""w_h"":[0.02885,0.04327],""center"":[0.06667,0.51481]}]}"
1580899883377,SmartMirror-Person-Recognition,RECOGNIZED_PERSONS,"{""RECOGNIZED_PERSONS"":{""1"":{""TrackID"":1,""name"":""person"",""w_h"":[0.64423,0.34135],""center"":[0.40208,0.82222]}}}"
1580899883389,SmartMirror-Facerecognition,DETECTED_FACES,"{""DETECTED_FACES"":[{""confidence"":0.93,""TrackID"":1,""name"":""Alex"",""id"":8,""w_h"":[0.14167,0.11481],""center"":[0.37292,0.74815]}]}"
1580899883392,SmartMirror-Decision-Maker,USER_LOGIN,8
1580899883394,SmartMirror-Decision-Maker,NEWS_DETAIL_CLOSE,{}
1580899883394,SmartMirror-Person-Recognition,RECOGNIZED_PERSONS,"{""RECOGNIZED_PERSONS"":{""1"":{""TrackID"":1,""name"":""person"",""w_h"":[0.64423,0.34135],""center"":[0.40208,0.82222],""face"":{""confidence"":0.93,""TrackID"":1,""name"":""Alex"",""id"":8,""w_h"":[0.14167,0.11481],""center"":[0.37292,0.74815]}}}}"
1580899883395,SmartMirror-Decision-Maker,USER_MODULE_VISIBILITY_CONFIG,"{""ID"":8,""name"":""Alex"",""language"":""de"",""user_ID"":8,""clock"":1,""weather"":1,""transportation"":1,""mensa"":1,""calendar"":0,""menu"":1,""newsfeed"":1,""crypto"":0,""stock"":0,""centerdisplay"":1,""speech"":1,""bivital"":1,""soccer"":1,""notification_logger"":1,""legato-logo"":0,""coffeebot"":0,""print_cewe"":1,""Decision_maker"":1,""traffic"":0,""menu-center"":0,""news"":1}"
1580899883399,SmartMirror-Decision-Maker,smartmirror-object-detectionSetFPS,3
1580899883399,SmartMirror-Decision-Maker,smartmirror-gesture-recognitionSetFPS,8
1580899883399,SmartMirror-Decision-Maker,smartmirror-facerecognitionSetFPS,2
1580899883399,SmartMirror-Decision-Maker,smartmirror-ai-art-mirror_SetFPS,0
1580899883498,SmartMirror-Decision-Maker,smartmirror-TTS-ger,"""Hallo Alex, wie kann ich behilflich sein"""
1580899883501,SmartMirror-Decision-Maker,SHOW_ALERT,"{""type"":""notification"",""message"":""Hallo Alex, wie kann ich behilflich sein""}"
1580899883527,SmartMirror-Gesture-Recognition,GESTURE_DET_FPS,0
1580899883572,SmartMirror-Facerecognition,DETECTED_FACES,"{""DETECTED_FACES"":[{""confidence"":0.93,""TrackID"":1,""name"":""Alex"",""id"":8,""w_h"":[0.13958,0.11111],""center"":[0.375,0.73333]}]}"
1580899883587,SmartMirror-Person-Recognition,RECOGNIZED_PERSONS,"{""RECOGNIZED_PERSONS"":{""1"":{""TrackID"":1,""name"":""person"",""w_h"":[0.64423,0.34135],""center"":[0.40208,0.82222],""face"":{""confidence"":0.93,""TrackID"":1,""name"":""Alex"",""id"":8,""w_h"":[0.13958,0.11111],""center"":[0.375,0.73333]}}}}"
1580899883651,SmartMirror-Center-Display,CENTER_DISPLAY_FPS,30
1580899883736,SmartMirror-Object-Detection,DETECTED_OBJECTS,"{""DETECTED_OBJECTS"":[{""TrackID"":1,""name"":""person"",""w_h"":[0.64183,0.34135],""center"":[0.40417,0.82222]},{""TrackID"":2,""name"":""tvmonitor"",""w_h"":[0.04327,0.10096],""center"":[0.97708,0.6037]},{""TrackID"":4,""name"":""chair"",""w_h"":[0.29808,0.13942],""center"":[0.56875,0.67037]},{""TrackID"":3,""name"":""chair"",""w_h"":[0.25721,0.1851],""center"":[0.75208,0.71852]},{""TrackID"":5,""name"":""book"",""w_h"":[0.02885,0.04327],""center"":[0.06667,0.51481]}]}"
1580899883809,SmartMirror-Person-Recognition,RECOGNIZED_PERSONS,"{""RECOGNIZED_PERSONS"":{""1"":{""TrackID"":1,""name"":""person"",""w_h"":[0.64183,0.34135],""center"":[0.40417,0.82222],""face"":{""confidence"":0.93,""TrackID"":1,""name"":""Alex"",""id"":8,""w_h"":[0.13958,0.11111],""center"":[0.375,0.73333]}}}}"
1580899883902,SmartMirror-Decision-Maker,MODULE_VISIBILITY_STATUS,"{""moduleName"":""smartmirror-ai-art-mirror"",""visibility"":false}"
1580899883902,SmartMirror-Decision-Maker,MODULE_VISIBILITY_STATUS,"{""moduleName"":""smartmirror-speechrecognition"",""visibility"":true}"
1580899883903,SmartMirror-Decision-Maker,MODULE_VISIBILITY_STATUS,"{""moduleName"":""MMM-SimpleLogo"",""visibility"":false}"
1580899883949,SmartMirror-Decision-Maker,MODULE_VISIBILITY_STATUS,"{""moduleName"":""MMM-PublicTransportHafas"",""visibility"":true}"
1580899883949,SmartMirror-Decision-Maker,MODULE_VISIBILITY_STATUS,"{""moduleName"":""SmartMirror-Mensa-Plan"",""visibility"":true}"
1580899883949,SmartMirror-Decision-Maker,MODULE_VISIBILITY_STATUS,"{""moduleName"":""SmartMirror-Center-Display"",""visibility"":true}"
1580899883949,SmartMirror-Decision-Maker,MODULE_VISIBILITY_STATUS,"{""moduleName"":""SmartMirror-Bivital"",""visibility"":true}"
1580899883949,SmartMirror-Decision-Maker,MODULE_VISIBILITY_STATUS,"{""moduleName"":""MMM-SoccerLiveScore"",""visibility"":true}"
1580899884063,SmartMirror-Object-Detection,DETECTED_OBJECTS,"{""DETECTED_OBJECTS"":[{""TrackID"":1,""name"":""person"",""w_h"":[0.64663,0.34135],""center"":[0.40417,0.82222]},{""TrackID"":2,""name"":""tvmonitor"",""w_h"":[0.04808,0.10096],""center"":[0.97708,0.6037]},{""TrackID"":4,""name"":""chair"",""w_h"":[0.30048,0.14183],""center"":[0.57083,0.67037]},{""TrackID"":3,""name"":""chair"",""w_h"":[0.25481,0.18269],""center"":[0.75208,0.71852]},{""TrackID"":5,""name"":""book"",""w_h"":[0.02885,0.04327],""center"":[0.06667,0.51481]}]}"
1580899884120,smartmirror-ai-art-mirror,AI_ART_FPS,0
1580899884152,SmartMirror-Person-Recognition,RECOGNIZED_PERSONS,"{""RECOGNIZED_PERSONS"":{""1"":{""TrackID"":1,""name"":""person"",""w_h"":[0.64663,0.34135],""center"":[0.40417,0.82222],""face"":{""confidence"":0.93,""TrackID"":1,""name"":""Alex"",""id"":8,""w_h"":[0.13958,0.11111],""center"":[0.375,0.73333]}}}}"
1580899884252,SmartMirror-Facerecognition,FACE_DET_FPS,0.7
1580899884390,SmartMirror-Object-Detection,DETECTED_OBJECTS,"{""DETECTED_OBJECTS"":[{""TrackID"":1,""name"":""person"",""w_h"":[0.64663,0.34135],""center"":[0.40417,0.82222]},{""TrackID"":2,""name"":""tvmonitor"",""w_h"":[0.04808,0.10096],""center"":[0.97708,0.6037]},{""TrackID"":4,""name"":""chair"",""w_h"":[0.29808,0.13942],""center"":[0.56875,0.67037]},{""TrackID"":3,""name"":""chair"",""w_h"":[0.25721,0.18269],""center"":[0.75208,0.71852]},{""TrackID"":5,""name"":""book"",""w_h"":[0.02885,0.04087],""center"":[0.06667,0.51481]}]}"
1580899884655,SmartMirror-Gesture-Recognition,GESTURE_DET_FPS,8
1580899884674,SmartMirror-Object-Detection,OBJECT_DET_FPS,3
1580899884684,SmartMirror-Center-Display,CENTER_DISPLAY_FPS,30.01
1580899884748,SmartMirror-Object-Detection,DETECTED_OBJECTS,"{""DETECTED_OBJECTS"":[{""TrackID"":1,""name"":""person"",""w_h"":[0.64663,0.34135],""center"":[0.40417,0.82222]},{""TrackID"":2,""name"":""tvmonitor"",""w_h"":[0.04327,0.09615],""center"":[0.97917,0.60741]},{""TrackID"":4,""name"":""chair"",""w_h"":[0.29808,0.14183],""center"":[0.56875,0.67037]},{""TrackID"":3,""name"":""chair"",""w_h"":[0.25481,0.18029],""center"":[0.75208,0.71852]},{""TrackID"":5,""name"":""book"",""w_h"":[0.02885,0.04087],""center"":[0.06667,0.51481]}]}"
1580899885061,SmartMirror-Object-Detection,DETECTED_OBJECTS,"{""DETECTED_OBJECTS"":[{""TrackID"":1,""name"":""person"",""w_h"":[0.64663,0.34375],""center"":[0.40417,0.82222]},{""TrackID"":2,""name"":""tvmonitor"",""w_h"":[0.04087,0.09375],""center"":[0.97917,0.6037]},{""TrackID"":4,""name"":""chair"",""w_h"":[0.29808,0.14183],""center"":[0.56875,0.67037]},{""TrackID"":3,""name"":""chair"",""w_h"":[0.25481,0.18029],""center"":[0.75208,0.71852]},{""TrackID"":5,""name"":""book"",""w_h"":[0.02644,0.04087],""center"":[0.06458,0.51481]}]}"
1580899885069,SmartMirror-Person-Recognition,RECOGNIZED_PERSONS,"{""RECOGNIZED_PERSONS"":{""1"":{""TrackID"":1,""name"":""person"",""w_h"":[0.64663,0.34375],""center"":[0.40417,0.82222],""face"":{""confidence"":0.93,""TrackID"":1,""name"":""Alex"",""id"":8,""w_h"":[0.13958,0.11111],""center"":[0.375,0.73333]}}}}"
1580899885382,SmartMirror-Object-Detection,DETECTED_OBJECTS,"{""DETECTED_OBJECTS"":[{""TrackID"":1,""name"":""person"",""w_h"":[0.64663,0.34135],""center"":[0.40417,0.82593]},{""TrackID"":2,""name"":""tvmonitor"",""w_h"":[0.03846,0.09135],""center"":[0.97917,0.60741]},{""TrackID"":4,""name"":""chair"",""w_h"":[0.29808,0.14183],""center"":[0.56875,0.67037]},{""TrackID"":3,""name"":""chair"",""w_h"":[0.25481,0.18029],""center"":[0.75208,0.71852]},{""TrackID"":5,""name"":""book"",""w_h"":[0.02644,0.04087],""center"":[0.06458,0.51481]}]}"
1580899885465,SmartMirror-Person-Recognition,RECOGNIZED_PERSONS,"{""RECOGNIZED_PERSONS"":{""1"":{""TrackID"":1,""name"":""person"",""w_h"":[0.64663,0.34135],""center"":[0.40417,0.82593],""face"":{""confidence"":0.93,""TrackID"":1,""name"":""Alex"",""id"":8,""w_h"":[0.13958,0.11111],""center"":[0.375,0.73333]}}}}"
1580899885719,SmartMirror-Center-Display,CENTER_DISPLAY_FPS,29.98
1580899885749,SmartMirror-Facerecognition,FACE_DET_FPS,2
1580899885810,SmartMirror-Gesture-Recognition,GESTURE_DET_FPS,8
1580899886007,SmartMirror-Object-Detection,OBJECT_DET_FPS,3
1580899886059,SmartMirror-Object-Detection,DETECTED_OBJECTS,"{""DETECTED_OBJECTS"":[{""TrackID"":1,""name"":""person"",""w_h"":[0.64663,0.33894],""center"":[0.40417,0.82222]},{""TrackID"":2,""name"":""tvmonitor"",""w_h"":[0.03846,0.09135],""center"":[0.97917,0.60741]},{""TrackID"":4,""name"":""chair"",""w_h"":[0.29808,0.14183],""center"":[0.56875,0.67037]},{""TrackID"":3,""name"":""chair"",""w_h"":[0.25481,0.1851],""center"":[0.75208,0.71852]},{""TrackID"":5,""name"":""book"",""w_h"":[0.02644,0.04087],""center"":[0.06458,0.51481]}]}"
1580899886062,SmartMirror-Person-Recognition,RECOGNIZED_PERSONS,"{""RECOGNIZED_PERSONS"":{""1"":{""TrackID"":1,""name"":""person"",""w_h"":[0.64663,0.33894],""center"":[0.40417,0.82222],""face"":{""confidence"":0.93,""TrackID"":1,""name"":""Alex"",""id"":8,""w_h"":[0.13958,0.11111],""center"":[0.375,0.73333]}}}}"
1580899886110,smartmirror-ai-art-mirror,AI_ART_FPS,0
1580899886394,SmartMirror-Usage-Suggestions,SHOW_ALERT,"{""type"":""notification"",""message"":""There is special food available. Check out the mensa app!""}"
1580899886718,SmartMirror-Object-Detection,DETECTED_OBJECTS,"{""DETECTED_OBJECTS"":[{""TrackID"":1,""name"":""person"",""w_h"":[0.64663,0.33894],""center"":[0.40417,0.82222]},{""TrackID"":2,""name"":""tvmonitor"",""w_h"":[0.03846,0.08654],""center"":[0.97917,0.60741]},{""TrackID"":4,""name"":""chair"",""w_h"":[0.29808,0.14183],""center"":[0.56875,0.67037]},{""TrackID"":3,""name"":""chair"",""w_h"":[0.25721,0.1851],""center"":[0.75,0.71852]},{""TrackID"":5,""name"":""book"",""w_h"":[0.02644,0.04087],""center"":[0.06458,0.51481]}]}"
1580899886802,SmartMirror-Center-Display,CENTER_DISPLAY_FPS,30.03
1580899886918,SmartMirror-Gesture-Recognition,GESTURE_DET_FPS,8
1580899887052,SmartMirror-Object-Detection,DETECTED_OBJECTS,"{""DETECTED_OBJECTS"":[{""TrackID"":1,""name"":""person"",""w_h"":[0.64663,0.33894],""center"":[0.40417,0.82222]},{""TrackID"":2,""name"":""tvmonitor"",""w_h"":[0.03606,0.08654],""center"":[0.98125,0.60741]},{""TrackID"":4,""name"":""chair"",""w_h"":[0.29808,0.14183],""center"":[0.56875,0.67037]},{""TrackID"":3,""name"":""chair"",""w_h"":[0.25721,0.1851],""center"":[0.75,0.71852]},{""TrackID"":5,""name"":""book"",""w_h"":[0.02644,0.04087],""center"":[0.06458,0.51481]}]}"
1580899887236,SmartMirror-Facerecognition,FACE_DET_FPS,2
1580899887348,SmartMirror-Object-Detection,OBJECT_DET_FPS,3
1580899887795,SmartMirror-Object-Detection,DETECTED_OBJECTS,"{""DETECTED_OBJECTS"":[{""TrackID"":1,""name"":""person"",""w_h"":[0.64663,0.33894],""center"":[0.40417,0.82222]},{""TrackID"":2,""name"":""tvmonitor"",""w_h"":[0.03365,0.08654],""center"":[0.97917,0.60741]},{""TrackID"":4,""name"":""chair"",""w_h"":[0.29808,0.14183],""center"":[0.56875,0.67037]},{""TrackID"":3,""name"":""chair"",""w_h"":[0.25962,0.1851],""center"":[0.75208,0.71852]},{""TrackID"":5,""name"":""book"",""w_h"":[0.02644,0.04087],""center"":[0.06458,0.51481]}]}"
1580899887812,SmartMirror-Center-Display,CENTER_DISPLAY_FPS,29.47
1580899888043,SmartMirror-Gesture-Recognition,GESTURE_DET_FPS,8
1580899888124,smartmirror-ai-art-mirror,AI_ART_FPS,0
1580899888671,SmartMirror-Object-Detection,OBJECT_DET_FPS,3
1580899888743,SmartMirror-Facerecognition,FACE_DET_FPS,2
1580899888819,SmartMirror-Center-Display,CENTER_DISPLAY_FPS,30.53
1580899889159,SmartMirror-Gesture-Recognition,GESTURE_DET_FPS,8
1580899889872,SmartMirror-Center-Display,CENTER_DISPLAY_FPS,30
1580899890023,SmartMirror-Object-Detection,OBJECT_DET_FPS,3
1580899890119,smartmirror-ai-art-mirror,AI_ART_FPS,0
1580899890285,SmartMirror-Facerecognition,FACE_DET_FPS,2
1580899890286,SmartMirror-Gesture-Recognition,GESTURE_DET_FPS,8
1580899891333,SmartMirror-Object-Detection,OBJECT_DET_FPS,3
1580899891421,SmartMirror-Gesture-Recognition,GESTURE_DET_FPS,8
1580899891732,SmartMirror-Facerecognition,FACE_DET_FPS,2
1580899892117,smartmirror-ai-art-mirror,AI_ART_FPS,0
1580899892244,SmartMirror-Facerecognition,DETECTED_FACES,"{""DETECTED_FACES"":[{""confidence"":0.97,""TrackID"":1,""name"":""Alex"",""id"":8,""w_h"":[0.14167,0.10741],""center"":[0.37292,0.73333]}]}"
1580899892249,SmartMirror-Person-Recognition,RECOGNIZED_PERSONS,"{""RECOGNIZED_PERSONS"":{""1"":{""TrackID"":1,""name"":""person"",""w_h"":[0.64663,0.33894],""center"":[0.40417,0.82222],""face"":{""confidence"":0.97,""TrackID"":1,""name"":""Alex"",""id"":8,""w_h"":[0.14167,0.10741],""center"":[0.37292,0.73333]}}}}"
1580899892537,SmartMirror-Gesture-Recognition,GESTURE_DET_FPS,8
1580899892677,SmartMirror-Object-Detection,OBJECT_DET_FPS,3
1580899892767,SmartMirror-Facerecognition,DETECTED_FACES,"{""DETECTED_FACES"":[{""confidence"":0.96,""TrackID"":1,""name"":""Alex"",""id"":8,""w_h"":[0.14167,0.10741],""center"":[0.375,0.73333]}]}"
1580899892769,SmartMirror-Person-Recognition,RECOGNIZED_PERSONS,"{""RECOGNIZED_PERSONS"":{""1"":{""TrackID"":1,""name"":""person"",""w_h"":[0.64663,0.33894],""center"":[0.40417,0.82222],""face"":{""confidence"":0.96,""TrackID"":1,""name"":""Alex"",""id"":8,""w_h"":[0.14167,0.10741],""center"":[0.375,0.73333]}}}}"
1580899893233,SmartMirror-Facerecognition,FACE_DET_FPS,2
1580899893664,SmartMirror-Gesture-Recognition,GESTURE_DET_FPS,8
1580899894010,SmartMirror-Object-Detection,OBJECT_DET_FPS,3
1580899894119,smartmirror-ai-art-mirror,AI_ART_FPS,0
1580899894735,SmartMirror-Facerecognition,FACE_DET_FPS,2
1580899894749,SmartMirror-Facerecognition,DETECTED_FACES,"{""DETECTED_FACES"":[{""confidence"":0.95,""TrackID"":1,""name"":""Alex"",""id"":8,""w_h"":[0.14375,0.10741],""center"":[0.37708,0.73333]}]}"
1580899894759,SmartMirror-Person-Recognition,RECOGNIZED_PERSONS,"{""RECOGNIZED_PERSONS"":{""1"":{""TrackID"":1,""name"":""person"",""w_h"":[0.64663,0.33894],""center"":[0.40417,0.82222],""face"":{""confidence"":0.95,""TrackID"":1,""name"":""Alex"",""id"":8,""w_h"":[0.14375,0.10741],""center"":[0.37708,0.73333]}}}}"
1580899894800,SmartMirror-Gesture-Recognition,GESTURE_DET_FPS,8
1580899895248,SmartMirror-Facerecognition,DETECTED_FACES,"{""DETECTED_FACES"":[{""confidence"":0.95,""TrackID"":1,""name"":""Alex"",""id"":8,""w_h"":[0.14375,0.10741],""center"":[0.37917,0.73333]}]}"
1580899895251,SmartMirror-Person-Recognition,RECOGNIZED_PERSONS,"{""RECOGNIZED_PERSONS"":{""1"":{""TrackID"":1,""name"":""person"",""w_h"":[0.64663,0.33894],""center"":[0.40417,0.82222],""face"":{""confidence"":0.95,""TrackID"":1,""name"":""Alex"",""id"":8,""w_h"":[0.14375,0.10741],""center"":[0.37917,0.73333]}}}}"
1580899895344,SmartMirror-Object-Detection,OBJECT_DET_FPS,3
1580899895769,SmartMirror-Facerecognition,DETECTED_FACES,"{""DETECTED_FACES"":[{""confidence"":0.96,""TrackID"":1,""name"":""Alex"",""id"":8,""w_h"":[0.14167,0.10741],""center"":[0.37708,0.73333]}]}"
1580899895772,SmartMirror-Person-Recognition,RECOGNIZED_PERSONS,"{""RECOGNIZED_PERSONS"":{""1"":{""TrackID"":1,""name"":""person"",""w_h"":[0.64663,0.33894],""center"":[0.40417,0.82222],""face"":{""confidence"":0.96,""TrackID"":1,""name"":""Alex"",""id"":8,""w_h"":[0.14167,0.10741],""center"":[0.37708,0.73333]}}}}"
1580899895916,SmartMirror-Gesture-Recognition,GESTURE_DET_FPS,8
1580899896122,smartmirror-ai-art-mirror,AI_ART_FPS,0
1580899896235,SmartMirror-Facerecognition,FACE_DET_FPS,2
1580899896249,SmartMirror-Facerecognition,DETECTED_FACES,"{""DETECTED_FACES"":[{""confidence"":0.96,""TrackID"":1,""name"":""Alex"",""id"":8,""w_h"":[0.14167,0.10741],""center"":[0.375,0.73333]}]}"
1580899896251,SmartMirror-Person-Recognition,RECOGNIZED_PERSONS,"{""RECOGNIZED_PERSONS"":{""1"":{""TrackID"":1,""name"":""person"",""w_h"":[0.64663,0.33894],""center"":[0.40417,0.82222],""face"":{""confidence"":0.96,""TrackID"":1,""name"":""Alex"",""id"":8,""w_h"":[0.14167,0.10741],""center"":[0.375,0.73333]}}}}"
1580899896685,SmartMirror-Object-Detection,OBJECT_DET_FPS,3
1580899896791,SmartMirror-Facerecognition,DETECTED_FACES,"{""DETECTED_FACES"":[{""confidence"":0.96,""TrackID"":1,""name"":""Alex"",""id"":8,""w_h"":[0.14375,0.10741],""center"":[0.37708,0.73333]}]}"
1580899896794,SmartMirror-Person-Recognition,RECOGNIZED_PERSONS,"{""RECOGNIZED_PERSONS"":{""1"":{""TrackID"":1,""name"":""person"",""w_h"":[0.64663,0.33894],""center"":[0.40417,0.82222],""face"":{""confidence"":0.96,""TrackID"":1,""name"":""Alex"",""id"":8,""w_h"":[0.14375,0.10741],""center"":[0.37708,0.73333]}}}}"
1580899897044,SmartMirror-Gesture-Recognition,GESTURE_DET_FPS,8
1580899897271,SmartMirror-Facerecognition,DETECTED_FACES,"{""DETECTED_FACES"":[{""confidence"":0.97,""TrackID"":1,""name"":""Alex"",""id"":8,""w_h"":[0.14375,0.10741],""center"":[0.37917,0.73333]}]}"
1580899897274,SmartMirror-Person-Recognition,RECOGNIZED_PERSONS,"{""RECOGNIZED_PERSONS"":{""1"":{""TrackID"":1,""name"":""person"",""w_h"":[0.64663,0.33894],""center"":[0.40417,0.82222],""face"":{""confidence"":0.97,""TrackID"":1,""name"":""Alex"",""id"":8,""w_h"":[0.14375,0.10741],""center"":[0.37917,0.73333]}}}}"
1580899897737,SmartMirror-Facerecognition,FACE_DET_FPS,2
1580899897750,SmartMirror-Facerecognition,DETECTED_FACES,"{""DETECTED_FACES"":[{""confidence"":0.97,""TrackID"":1,""name"":""Alex"",""id"":8,""w_h"":[0.14375,0.10741],""center"":[0.37708,0.73333]}]}"
1580899897753,SmartMirror-Person-Recognition,RECOGNIZED_PERSONS,"{""RECOGNIZED_PERSONS"":{""1"":{""TrackID"":1,""name"":""person"",""w_h"":[0.64663,0.33894],""center"":[0.40417,0.82222],""face"":{""confidence"":0.97,""TrackID"":1,""name"":""Alex"",""id"":8,""w_h"":[0.14375,0.10741],""center"":[0.37708,0.73333]}}}}"
1580899898006,SmartMirror-Object-Detection,OBJECT_DET_FPS,3
1580899898123,smartmirror-ai-art-mirror,AI_ART_FPS,0
1580899898179,SmartMirror-Gesture-Recognition,GESTURE_DET_FPS,8
1580899898250,SmartMirror-Facerecognition,DETECTED_FACES,"{""DETECTED_FACES"":[{""confidence"":0.97,""TrackID"":1,""name"":""Alex"",""id"":8,""w_h"":[0.14167,0.10741],""center"":[0.375,0.73333]}]}"
1580899898253,SmartMirror-Person-Recognition,RECOGNIZED_PERSONS,"{""RECOGNIZED_PERSONS"":{""1"":{""TrackID"":1,""name"":""person"",""w_h"":[0.64663,0.33894],""center"":[0.40417,0.82222],""face"":{""confidence"":0.97,""TrackID"":1,""name"":""Alex"",""id"":8,""w_h"":[0.14167,0.10741],""center"":[0.375,0.73333]}}}}"
1580899898779,SmartMirror-Facerecognition,DETECTED_FACES,"{""DETECTED_FACES"":[{""confidence"":0.96,""TrackID"":1,""name"":""Alex"",""id"":8,""w_h"":[0.14167,0.10741],""center"":[0.37292,0.73333]}]}"
1580899898782,SmartMirror-Person-Recognition,RECOGNIZED_PERSONS,"{""RECOGNIZED_PERSONS"":{""1"":{""TrackID"":1,""name"":""person"",""w_h"":[0.64663,0.33894],""center"":[0.40417,0.82222],""face"":{""confidence"":0.96,""TrackID"":1,""name"":""Alex"",""id"":8,""w_h"":[0.14167,0.10741],""center"":[0.37292,0.73333]}}}}"
1580899899238,SmartMirror-Facerecognition,FACE_DET_FPS,2
1580899899251,SmartMirror-Facerecognition,DETECTED_FACES,"{""DETECTED_FACES"":[{""confidence"":0.96,""TrackID"":1,""name"":""Alex"",""id"":8,""w_h"":[0.14167,0.10741],""center"":[0.37083,0.73333]}]}"
1580899899258,SmartMirror-Person-Recognition,RECOGNIZED_PERSONS,"{""RECOGNIZED_PERSONS"":{""1"":{""TrackID"":1,""name"":""person"",""w_h"":[0.64663,0.33894],""center"":[0.40417,0.82222],""face"":{""confidence"":0.96,""TrackID"":1,""name"":""Alex"",""id"":8,""w_h"":[0.14167,0.10741],""center"":[0.37083,0.73333]}}}}"
1580899899302,SmartMirror-Gesture-Recognition,GESTURE_DET_FPS,8
1580899899341,SmartMirror-Object-Detection,OBJECT_DET_FPS,3
1580899900126,smartmirror-ai-art-mirror,AI_ART_FPS,0
1580899900421,SmartMirror-Gesture-Recognition,GESTURE_DET_FPS,8
1580899900689,SmartMirror-Object-Detection,OBJECT_DET_FPS,3
1580899900740,SmartMirror-Facerecognition,FACE_DET_FPS,2
1580899900758,SmartMirror-Facerecognition,DETECTED_FACES,"{""DETECTED_FACES"":[{""confidence"":0.95,""TrackID"":1,""name"":""Alex"",""id"":8,""w_h"":[0.1375,0.10741],""center"":[0.37083,0.73704]}]}"
1580899900761,SmartMirror-Person-Recognition,RECOGNIZED_PERSONS,"{""RECOGNIZED_PERSONS"":{""1"":{""TrackID"":1,""name"":""person"",""w_h"":[0.64663,0.33894],""center"":[0.40417,0.82222],""face"":{""confidence"":0.95,""TrackID"":1,""name"":""Alex"",""id"":8,""w_h"":[0.1375,0.10741],""center"":[0.37083,0.73704]}}}}"
1580899901253,SmartMirror-Facerecognition,DETECTED_FACES,"{""DETECTED_FACES"":[{""confidence"":0.95,""TrackID"":1,""name"":""Alex"",""id"":8,""w_h"":[0.1375,0.10741],""center"":[0.37292,0.73704]}]}"
1580899901262,SmartMirror-Person-Recognition,RECOGNIZED_PERSONS,"{""RECOGNIZED_PERSONS"":{""1"":{""TrackID"":1,""name"":""person"",""w_h"":[0.64663,0.33894],""center"":[0.40417,0.82222],""face"":{""confidence"":0.95,""TrackID"":1,""name"":""Alex"",""id"":8,""w_h"":[0.1375,0.10741],""center"":[0.37292,0.73704]}}}}"
1580899901547,SmartMirror-Gesture-Recognition,GESTURE_DET_FPS,8
1580899901777,SmartMirror-Facerecognition,DETECTED_FACES,"{""DETECTED_FACES"":[{""confidence"":0.96,""TrackID"":1,""name"":""Alex"",""id"":8,""w_h"":[0.13958,0.10741],""center"":[0.37292,0.73333]}]}"
1580899901780,SmartMirror-Person-Recognition,RECOGNIZED_PERSONS,"{""RECOGNIZED_PERSONS"":{""1"":{""TrackID"":1,""name"":""person"",""w_h"":[0.64663,0.33894],""center"":[0.40417,0.82222],""face"":{""confidence"":0.96,""TrackID"":1,""name"":""Alex"",""id"":8,""w_h"":[0.13958,0.10741],""center"":[0.37292,0.73333]}}}}"
1580899902011,SmartMirror-Object-Detection,OBJECT_DET_FPS,3
1580899902127,smartmirror-ai-art-mirror,AI_ART_FPS,0
1580899902242,SmartMirror-Facerecognition,FACE_DET_FPS,2
1580899902255,SmartMirror-Facerecognition,DETECTED_FACES,"{""DETECTED_FACES"":[{""confidence"":0.96,""TrackID"":1,""name"":""Alex"",""id"":8,""w_h"":[0.13958,0.10741],""center"":[0.375,0.73333]}]}"
1580899902258,SmartMirror-Person-Recognition,RECOGNIZED_PERSONS,"{""RECOGNIZED_PERSONS"":{""1"":{""TrackID"":1,""name"":""person"",""w_h"":[0.64663,0.33894],""center"":[0.40417,0.82222],""face"":{""confidence"":0.96,""TrackID"":1,""name"":""Alex"",""id"":8,""w_h"":[0.13958,0.10741],""center"":[0.375,0.73333]}}}}"
1580899902673,SmartMirror-Gesture-Recognition,GESTURE_DET_FPS,8
1580899903346,SmartMirror-Object-Detection,OBJECT_DET_FPS,3
1580899903744,SmartMirror-Facerecognition,FACE_DET_FPS,2
1580899903811,SmartMirror-Gesture-Recognition,GESTURE_DET_FPS,8
1580899904130,smartmirror-ai-art-mirror,AI_ART_FPS,0
1580899904256,SmartMirror-Facerecognition,DETECTED_FACES,"{""DETECTED_FACES"":[{""confidence"":0.95,""TrackID"":1,""name"":""Alex"",""id"":8,""w_h"":[0.14167,0.10741],""center"":[0.37292,0.73333]}]}"
1580899904263,SmartMirror-Person-Recognition,RECOGNIZED_PERSONS,"{""RECOGNIZED_PERSONS"":{""1"":{""TrackID"":1,""name"":""person"",""w_h"":[0.64663,0.33894],""center"":[0.40417,0.82222],""face"":{""confidence"":0.95,""TrackID"":1,""name"":""Alex"",""id"":8,""w_h"":[0.14167,0.10741],""center"":[0.37292,0.73333]}}}}"
1580899904687,SmartMirror-Object-Detection,OBJECT_DET_FPS,3
1580899904779,SmartMirror-Facerecognition,DETECTED_FACES,"{""DETECTED_FACES"":[{""confidence"":0.94,""TrackID"":1,""name"":""Alex"",""id"":8,""w_h"":[0.13958,0.10741],""center"":[0.375,0.73333]}]}"
1580899904781,SmartMirror-Person-Recognition,RECOGNIZED_PERSONS,"{""RECOGNIZED_PERSONS"":{""1"":{""TrackID"":1,""name"":""person"",""w_h"":[0.64663,0.33894],""center"":[0.40417,0.82222],""face"":{""confidence"":0.94,""TrackID"":1,""name"":""Alex"",""id"":8,""w_h"":[0.13958,0.10741],""center"":[0.375,0.73333]}}}}"
1580899904926,SmartMirror-Gesture-Recognition,GESTURE_DET_FPS,8
1580899905245,SmartMirror-Facerecognition,FACE_DET_FPS,2
1580899905615,MMM-News,NEWS_ARTICLE,"{""articleName"":""Kompaktkamera: Fujifilm X100V mit neuem Sensor und Klappdisplay - Golem.de - Golem.de"",""articleCategory"":""technology"",""source"":""Golem.de""}"
1580899906025,SmartMirror-Object-Detection,OBJECT_DET_FPS,3
1580899906064,SmartMirror-Gesture-Recognition,GESTURE_DET_FPS,8
1580899906131,smartmirror-ai-art-mirror,AI_ART_FPS,0
1580899906748,SmartMirror-Facerecognition,FACE_DET_FPS,2
1580899907179,SmartMirror-Gesture-Recognition,GESTURE_DET_FPS,8
1580899907350,SmartMirror-Object-Detection,OBJECT_DET_FPS,3
1580899907782,SmartMirror-Facerecognition,DETECTED_FACES,"{""DETECTED_FACES"":[{""confidence"":0.92,""TrackID"":1,""name"":""Alex"",""id"":8,""w_h"":[0.14167,0.10741],""center"":[0.37292,0.73333]}]}"
1580899907785,SmartMirror-Person-Recognition,RECOGNIZED_PERSONS,"{""RECOGNIZED_PERSONS"":{""1"":{""TrackID"":1,""name"":""person"",""w_h"":[0.64663,0.33894],""center"":[0.40417,0.82222],""face"":{""confidence"":0.92,""TrackID"":1,""name"":""Alex"",""id"":8,""w_h"":[0.14167,0.10741],""center"":[0.37292,0.73333]}}}}"
1580899908134,smartmirror-ai-art-mirror,AI_ART_FPS,0
1580899908248,SmartMirror-Facerecognition,FACE_DET_FPS,2
1580899908263,SmartMirror-Facerecognition,DETECTED_FACES,"{""DETECTED_FACES"":[{""confidence"":0.92,""TrackID"":1,""name"":""Alex"",""id"":8,""w_h"":[0.14167,0.10741],""center"":[0.375,0.73333]}]}"
1580899908266,SmartMirror-Person-Recognition,RECOGNIZED_PERSONS,"{""RECOGNIZED_PERSONS"":{""1"":{""TrackID"":1,""name"":""person"",""w_h"":[0.64663,0.33894],""center"":[0.40417,0.82222],""face"":{""confidence"":0.92,""TrackID"":1,""name"":""Alex"",""id"":8,""w_h"":[0.14167,0.10741],""center"":[0.375,0.73333]}}}}"
1580899908315,SmartMirror-Gesture-Recognition,GESTURE_DET_FPS,8
1580899908695,SmartMirror-Object-Detection,OBJECT_DET_FPS,3
1580899909294,SmartMirror-Facerecognition,DETECTED_FACES,"{""DETECTED_FACES"":[{""confidence"":0.93,""TrackID"":1,""name"":""Alex"",""id"":8,""w_h"":[0.14167,0.10741],""center"":[0.375,0.73704]}]}"
1580899909296,SmartMirror-Person-Recognition,RECOGNIZED_PERSONS,"{""RECOGNIZED_PERSONS"":{""1"":{""TrackID"":1,""name"":""person"",""w_h"":[0.64663,0.33894],""center"":[0.40417,0.82222],""face"":{""confidence"":0.93,""TrackID"":1,""name"":""Alex"",""id"":8,""w_h"":[0.14167,0.10741],""center"":[0.375,0.73704]}}}}"
1580899909440,SmartMirror-Gesture-Recognition,GESTURE_DET_FPS,8
1580899909749,SmartMirror-Facerecognition,FACE_DET_FPS,2
1580899910018,SmartMirror-Object-Detection,OBJECT_DET_FPS,3
1580899910135,smartmirror-ai-art-mirror,AI_ART_FPS,0
1580899910261,SmartMirror-Facerecognition,DETECTED_FACES,"{""DETECTED_FACES"":[{""confidence"":0.93,""TrackID"":1,""name"":""Alex"",""id"":8,""w_h"":[0.14167,0.10741],""center"":[0.375,0.73333]}]}"
1580899910263,SmartMirror-Person-Recognition,RECOGNIZED_PERSONS,"{""RECOGNIZED_PERSONS"":{""1"":{""TrackID"":1,""name"":""person"",""w_h"":[0.64663,0.33894],""center"":[0.40417,0.82222],""face"":{""confidence"":0.93,""TrackID"":1,""name"":""Alex"",""id"":8,""w_h"":[0.14167,0.10741],""center"":[0.375,0.73333]}}}}"
1580899910557,SmartMirror-Gesture-Recognition,GESTURE_DET_FPS,8
1580899910763,SmartMirror-Facerecognition,DETECTED_FACES,"{""DETECTED_FACES"":[]}"
1580899910766,SmartMirror-Person-Recognition,RECOGNIZED_PERSONS,"{""RECOGNIZED_PERSONS"":{""1"":{""TrackID"":1,""name"":""person"",""w_h"":[0.64663,0.33894],""center"":[0.40417,0.82222],""face"":{""confidence"":0.93,""TrackID"":1,""name"":""Alex"",""id"":8,""w_h"":[0.14167,0.10741]}}}}"
1580899911251,SmartMirror-Facerecognition,FACE_DET_FPS,2
1580899911352,SmartMirror-Object-Detection,OBJECT_DET_FPS,3
1580899911695,SmartMirror-Gesture-Recognition,GESTURE_DET_FPS,8
1580899912138,smartmirror-ai-art-mirror,AI_ART_FPS,0
1580899912691,SmartMirror-Object-Detection,OBJECT_DET_FPS,3
1580899912752,SmartMirror-Facerecognition,FACE_DET_FPS,2
1580899912814,SmartMirror-Gesture-Recognition,GESTURE_DET_FPS,8
